subreddit,permalink,score,num_comments,title,body_text,image_url
Kanye,https://old.reddit.com/r/Kanye/comments/db4ncv/im_in_the_crowd_rn_below_balcony_2/,37423,205,"I‚Äôm in the crowd rn, below balcony 2","This place is wild rn
Kanye is saying a prayer after every song and the whole place goes quiet. Someone in the front brought a child who started crying mid-prayer and The whole place started looking at them as she tried getting the kid to stop. Kanye stopped mid prayer and walks over to them. He started running his hands through the child‚Äôs hair and asked what was wrong. Her mom(?) replied that she was probably hungry or something. So Kanye put down his mic, picked up the kid and lifted his shirt. He breast fed her right there in the middle of the set. Real Chill guy, really nice about it. Would let him breast feed me if he offered",
Kanye,https://old.reddit.com/r/Kanye/comments/xw9mib/this_yekim_drama_is_getting_out_of_hand/,35436,149,This Ye/Kim drama is getting out of hand,,https://i.redd.it/rka2za84gzr91.jpg
Kanye,https://old.reddit.com/r/Kanye/comments/aot9az/kanye_forcing_a_dead_crowd_to_stand_up_during/,35049,972,Kanye forcing a dead crowd to stand up during Rihanna‚Äôs performance,,
Kanye,https://old.reddit.com/r/Kanye/comments/ot9eop/a_collection_of_kanyes_most_iconic_tweets/,34931,632,A Collection of Kanye‚Äôs Most Iconic Tweets,,"['https://preview.redd.it/t3ja4k4sbyd71.jpg?width=108&crop=smart&auto=webp&s=e8f4a0da2480930d6f7ec98d713749853b2a33ac', 'https://preview.redd.it/yt4omj4sbyd71.jpg?width=108&crop=smart&auto=webp&s=522641e73ba88f507a6337bf7f0683e00bea3f87', 'https://preview.redd.it/so4z3j4sbyd71.jpg?width=108&crop=smart&auto=webp&s=c817353d37f31698216c5356bef8a3b318aa5a26', 'https://preview.redd.it/cqv3sk4sbyd71.jpg?width=108&crop=smart&auto=webp&s=8e642e679fe1ea34857044f3eb7c947e933a712e', 'https://preview.redd.it/tvohil4sbyd71.jpg?width=108&crop=smart&auto=webp&s=2e48ce03192e9df683c80e5b5de213557852e232', 'https://preview.redd.it/t0p2nl4sbyd71.jpg?width=108&crop=smart&auto=webp&s=996faf791bbdcbf3a90a82002980ef9b8d06b952', 'https://preview.redd.it/4yyjjk4sbyd71.jpg?width=108&crop=smart&auto=webp&s=3bff8d3041d5bb23c01bac973ab33f187dc7cf75', 'https://preview.redd.it/r0vpgk4sbyd71.jpg?width=108&crop=smart&auto=webp&s=4a784b1b3f3b975baaa43bf39e58eb547b21b6c3', 'https://preview.redd.it/ahrjyk4sbyd71.jpg?width=108&crop=smart&auto=webp&s=0eef4d5d8564dd39a5f7c9a07bb471523f147101', 'https://preview.redd.it/doiv1n4sbyd71.jpg?width=108&crop=smart&auto=webp&s=eb933581bcf9c77f1c734e40b7ebd37576126600', 'https://preview.redd.it/qw08sm4sbyd71.jpg?width=108&crop=smart&auto=webp&s=74926ed76bd8fb3b2c117fe0b94277fd1a49a837', 'https://preview.redd.it/ycnbtn4sbyd71.jpg?width=108&crop=smart&auto=webp&s=ab682c28eded6be49955763e057787edc6918092', 'https://preview.redd.it/s2hjzd6sbyd71.jpg?width=108&crop=smart&auto=webp&s=0d15a5caac0e1589618047ba90ea6195a9452a2a', 'https://preview.redd.it/kxaeyo4sbyd71.jpg?width=108&crop=smart&auto=webp&s=37df4b5db58bc7f9662e68abc64a19d605a6f2cc', 'https://preview.redd.it/517rmb6sbyd71.jpg?width=108&crop=smart&auto=webp&s=3ae98401c67982428e62031bf4a113359542dcfd', 'https://preview.redd.it/fz5fqn4sbyd71.jpg?width=108&crop=smart&auto=webp&s=07674ea1a835406189da10f0f555d3c75e48c5bf', 'https://preview.redd.it/k2p9nd6sbyd71.jpg?width=108&crop=smart&auto=webp&s=1dea4aa929c4154497c75ddbe9822e680ba8b6a7', 'https://preview.redd.it/bnk5mo4sbyd71.jpg?width=108&crop=smart&auto=webp&s=a78a35608b7bd52400b11ba0783116106a06014b', 'https://preview.redd.it/5ozs3q4sbyd71.jpg?width=108&crop=smart&auto=webp&s=46aa7a0f54fe356286f5a97693bcd38165e6e4ef']"
Kanye,https://old.reddit.com/r/Kanye/comments/8c3mgz/100_the_best_pitch_ive_heard_for_his_book/,28430,376,100% the best pitch I‚Äôve heard for his book,,https://i.redd.it/13qgoct9hrr01.jpg
Kanye,https://old.reddit.com/r/Kanye/comments/9ss980/kanye_is_officially_politics_free/,27041,1952,Kanye is officially politics free,,https://i.redd.it/qfgag71q4ev11.jpg
Kanye,https://old.reddit.com/r/Kanye/comments/dn0mjb/fanart_the_dropout_bear_through_the_years/,27014,379,[FanArt] The dropout bear through the years,,https://i.redd.it/owjy2t8z0qu31.jpg
Kanye,https://old.reddit.com/r/Kanye/comments/4qdd5r/pray_for_me/,26517,392,pray for me,,https://i.redd.it/brunw07n856x.jpg
Kanye,https://old.reddit.com/r/Kanye/comments/abm4z6/joe_rogan_kanye_podcast_coming_soon/,25095,951,Joe Rogan & Kanye podcast coming soon,,https://i.imgur.com/WHBbYlZ.jpg
Kanye,https://old.reddit.com/r/Kanye/comments/9u94s0/thank_you_kanye_very_cool/,24946,173,"Thank you Kanye, very cool!",,https://i.redd.it/f98pye8myew11.jpg
Kanye,https://old.reddit.com/r/Kanye/comments/dgx04l/wanna_spit_ye_to_pusha_t/,24414,505,"""Wanna Spit?"" - YE to PUSHA T üòÇüòÇüî•",,
Kanye,https://old.reddit.com/r/Kanye/comments/pe26ue/bruh/,24058,1652,Bruh,,https://i.redd.it/ey32r2cxock71.jpg
Kanye,https://old.reddit.com/r/Kanye/comments/8dhd46/confirmed/,23399,950,CONFIRMED,,https://i.redd.it/u0dz7hqc2xs01.jpg
Kanye,https://old.reddit.com/r/Kanye/comments/5f5zpb/depressed_kanye_not_on_my_watch/,23110,155,Depressed Kanye? Not on my watch,,https://i.reddituploads.com/a1fafc309d9448bb9652ad559d725cca?fit=max&h=1536&w=1536&s=a356e6849fdc58819db01c348533564f
Kanye,https://old.reddit.com/r/Kanye/comments/oq2y4a/mike_dean_trying_to_finish_the_album_rn/,22657,273,Mike Dean trying to finish the album rn,,
Kanye,https://old.reddit.com/r/Kanye/comments/bgfkid/every_kanye_album_cover_in_the_style_of_every/,22493,341,Every Kanye album cover in the style of every Kanye album cover,,https://i.redd.it/e0r70xxz70u21.png
Kanye,https://old.reddit.com/r/Kanye/comments/aud14y/kanye_at_sunday_service/,22006,559,Kanye at Sunday Service,,
Kanye,https://old.reddit.com/r/Kanye/comments/1itfhkb/this_is_progress/,21785,1504,THIS IS PROGRESS,,https://i.redd.it/ptfqfwppm5ke1.jpeg
Kanye,https://old.reddit.com/r/Kanye/comments/tqc829/blame_game_feat_chris_rock_will_smith/,21227,378,Blame Game (feat. Chris Rock & Will Smith),,
Kanye,https://old.reddit.com/r/Kanye/comments/5vxjad/one_of_my_favorite_kanye_moments/,21097,313,One of my favorite Kanye moments,,http://i.imgur.com/71l5ieL.jpg
Kanye,https://old.reddit.com/r/Kanye/comments/9k3szm/yandhi_9292018/,20801,405,YANDHI 9/29/2018,,https://i.redd.it/9jdins3r8bp11.jpg
Kanye,https://old.reddit.com/r/Kanye/comments/8fgdeg/us_rn/,19694,249,Us rn,,https://i.redd.it/bed668rgpju01.jpg
Kanye,https://old.reddit.com/r/Kanye/comments/9ncf8g/thank_you_kanye_very_cool/,19649,376,"Thank you Kanye, very cool!",,https://i.redd.it/1g1ejjggllr11.jpg
Kanye,https://old.reddit.com/r/Kanye/comments/ssq075/bro_is_king_of_self_sabotage/,19520,1648,BRO IS KING OF SELF SABOTAGE,,https://i.redd.it/qx93h8qr9wh81.jpg
Kanye,https://old.reddit.com/r/Kanye/comments/8pem6i/us_and_rkidcudi_tonight/,19271,299,Us and r/kidcudi tonight,,https://i.redd.it/38jaeh22nn211.jpg
Kanye,https://old.reddit.com/r/Kanye/comments/8nrhq0/fresh_album_kanye_west_ye/,18976,2408,[FRESH ALBUM] Kanye West - ye,,
Kanye,https://old.reddit.com/r/Kanye/comments/dnk54e/the_exact_moment_kanye_realised_he_needed_jesus/,18383,168,the exact moment Kanye realised he needed Jesus,,https://i.redd.it/6nqg8mr8fyu31.png
Kanye,https://old.reddit.com/r/Kanye/comments/srbilo/lmfaooo_no_way/,17726,777,LMFAOOO NO WAY,,https://i.redd.it/dc85pav0ijh81.jpg
Kanye,https://old.reddit.com/r/Kanye/comments/7ih1ye/accidentally_ordered_the_wrong_size_and_was_told/,17649,464,Accidentally ordered the wrong size and was told I had to post here to get a replacement,,
Kanye,https://old.reddit.com/r/Kanye/comments/1kgirkl/kanye_crashes_out_in_new_interview_because_piers/,17579,2518,Kanye crashes out in new interview because Piers Morgan miscalculated his twitter followers,,
Kanye,https://old.reddit.com/r/Kanye/comments/9gjzn0/kanye_sitting_in_front_of_his_childhood_home/,17462,523,Kanye sitting in front of his childhood home wearing his own brand thats worth 1.8 billion.,,https://i.redd.it/ld3j7kzbosm11.jpg
Kanye,https://old.reddit.com/r/Kanye/comments/7afb60/george_lucas_kanye_west_and_elon_musk_at_the_time/,17262,470,"George Lucas, Kanye West and Elon Musk at the TIME 100 Gala 2015",,https://i.redd.it/cpg7njyt6nvz.jpg
Kanye,https://old.reddit.com/r/Kanye/comments/e7v6vh/juice_holding_his_favorite_record_of_all_time/,16932,655,Juice holding his favorite record of all time. Rest In Peace ‚ù§Ô∏è,,https://i.redd.it/di1v9rafkf341.jpg
Kanye,https://old.reddit.com/r/Kanye/comments/dbb5lt/we_really_keep_falling_for_it_huh/,16910,223,We really keep falling for it huh,,https://i.redd.it/kpejr395bqp31.jpg
Kanye,https://old.reddit.com/r/Kanye/comments/9leer3/petition_to_turn_this_into_a_hannibal_buress/,16819,249,Petition to turn this into a Hannibal Buress subreddit until YANDHI comes out,,https://i.redd.it/8u28pfh2n7q11.jpg
Kanye,https://old.reddit.com/r/Kanye/comments/pp9alh/left_on_read_yeezus_tonight/,16686,668,Left on read. Yeezus tonight,,https://i.redd.it/3jdej0a8ttn71.jpg
Kanye,https://old.reddit.com/r/Kanye/comments/dmzpd1/fresh_jesus_is_king_kanye_west/,16605,11032,[ FRESH ] JESUS IS KING - KANYE WEST,"What are your first thoughts on the album? Discuss here!
GET THE ALBUM :
APPLE MUSIC
/
SPOTIFY
/
TIDAL
/
GOOGLE PLAY MUSIC
/
DEEZER
INTERVIEWS :
BIG BOY
/
BEATS 1
DISCUSSION THREADS :
FIRST THOUGHTS I
/
FIRST THOUGHTS II
/
POST WEEK-END THOUGHTS
SURVEYS :
FIRST THOUGHTS
/
FAVORITE SONG
/
WHERE WOULD YOU RANK JESUS IS KING?
/
RATE THE ALBUM AGAIN
Check out our Discord!",
Kanye,https://old.reddit.com/r/Kanye/comments/dnddgj/use_this_gospel_intensifies/,16570,209,Use this gospel intensifies,,https://i.redd.it/l7nvf6xcsvu31.png
Kanye,https://old.reddit.com/r/Kanye/comments/1gkahv7/never_forget/,16424,97,never forget,,https://i.redd.it/flybaan6z3zd1.jpeg
Kanye,https://old.reddit.com/r/Kanye/comments/ox46lh/kanye_2024/,16414,646,Kanye 2024,,https://i.redd.it/fvs2eebxg5f71.jpg
Kanye,https://old.reddit.com/r/Kanye/comments/6t9s0d/kanye_with_a_fan_today_in_japan/,15947,492,"Kanye with a fan, today in Japan.",,https://i.redd.it/d2anrk4jfcfz.jpg
Kanye,https://old.reddit.com/r/Kanye/comments/opu42q/if_donda_doesnt_drop_in_18_minutes_we_become_a/,15935,175,"If Donda doesn't drop in 18 minutes, we become a Don Cheadle subreddit",,https://i.redd.it/odwbkrmovvc71.jpg
Kanye,https://old.reddit.com/r/Kanye/comments/b7zhyu/yo_everyone_cut_your_yeezys/,15934,227,YO EVERYONE CUT YOUR YEEZYS!,,https://i.redd.it/m6lo14676mp21.jpg
Kanye,https://old.reddit.com/r/Kanye/comments/9e8o5i/this_is_not_a_drill/,15630,680,THIS IS NOT A DRILL!,,https://i.imgur.com/HrMUBJv.jpg
Kanye,https://old.reddit.com/r/Kanye/comments/9k8tyd/petition_for_this_sub_to_become_a_lil_pump/,15560,248,PETITION FOR THIS SUB TO BECOME A LIL PUMP SUBREDDIT IF THE ALBUM DOESN'T DROP TODAY,,
Kanye,https://old.reddit.com/r/Kanye/comments/8qc009/theneedledrop_kids_see_ghosts_album_review/,15324,1044,[THENEEDLEDROP] KIDS SEE GHOSTS Album Review,,
Kanye,https://old.reddit.com/r/Kanye/comments/knykrb/rip_mf_doom/,15306,168,RIP MF DOOM,,https://i.redd.it/2ejq1yk4dl861.jpg
Kanye,https://old.reddit.com/r/Kanye/comments/dlfh49/facts/,15201,77,Facts,,https://i.redd.it/vidh5dzra2u31.jpg
Kanye,https://old.reddit.com/r/Kanye/comments/1imxm0x/my_collab_with_kanye_is_officially_cancelled/,15174,103,üö® MY COLLAB WITH KANYE IS OFFICIALLY CANCELLED,,https://i.redd.it/o12u0rqx8iie1.jpeg
Kanye,https://old.reddit.com/r/Kanye/comments/dq5dug/the_family_halloween_photo/,15108,302,The family Halloween Photo,,https://i.redd.it/v1zdjztda3w31.png
Kanye,https://old.reddit.com/r/Kanye/comments/st95dl/wow_big_props_to_him_for_that/,15022,1538,Wow. Big props to him for that.,,https://i.redd.it/xw8aceele1i81.jpg
Kanye,https://old.reddit.com/r/Kanye/comments/hums08/bringing_this_back/,15009,273,Bringing this back,,https://i.redd.it/6xtp3g9g11c51.jpg
Kanye,https://old.reddit.com/r/Kanye/comments/doa0e7/i_made_a_little_graph/,14985,215,I made a little graph,,https://i.redd.it/4i29shpyqav31.png
Kanye,https://old.reddit.com/r/Kanye/comments/8u93lo/never_forgot_when_push_had_this_to_say_to_kanye/,14944,228,Never forgot when Push had this to say to Kanye.,,https://i.redd.it/ebsvfae0cj611.jpg
Kanye,https://old.reddit.com/r/Kanye/comments/t8t9ki/alltime_great_kanye_moment/,14933,408,all-time great Kanye moment,,
Kanye,https://old.reddit.com/r/Kanye/comments/9bjiuv/hey_sir/,14785,189,Hey sir...,,https://i.redd.it/4jfw7v7jd8j11.jpg
Kanye,https://old.reddit.com/r/Kanye/comments/pdtwae/fresh_donda_kanye_west/,14557,2971,[ FRESH ] DONDA - KANYE WEST,"GET IT HERE :
APPLE MUSIC
/
SPOTIFY
FRIENDLY REMINDER :
Distributing and/or requesting copyrighted material (including leaks) is
forbidden
on
/r/Kanye
. We really appreciate your cooperation on that one. Thank you!
Check out our Discord!",
Kanye,https://old.reddit.com/r/Kanye/comments/ar1x23/taxpayer_funded/,14550,104,Taxpayer funded?,,https://i.imgur.com/pP2OOaN.jpg
Kanye,https://old.reddit.com/r/Kanye/comments/pfxcu2/we_bout_to_beef_with_this_pig/,14506,269,We bout to beef with this pig?,,https://i.redd.it/8c050b184xk71.jpg
Kanye,https://old.reddit.com/r/Kanye/comments/p8xxmn/new_ye_post/,14345,1122,New ye post,,https://i.redd.it/k575e2tslri71.png
Kanye,https://old.reddit.com/r/Kanye/comments/se32kf/donda_2_is_coming/,14340,1123,DONDA 2 IS COMING,,https://i.redd.it/318liwovh9e81.jpg
Kanye,https://old.reddit.com/r/Kanye/comments/b4dltz/my_friend_met_kanye_today_rt_for_good_luck/,14334,236,my friend met kanye today rt for good luck,,https://i.redd.it/scpyvu5l0sn21.jpg
Kanye,https://old.reddit.com/r/Kanye/comments/opta7a/goat_pic/,14317,200,Goat Pic.,,https://i.redd.it/qt8vs5skmvc71.jpg
Kanye,https://old.reddit.com/r/Kanye/comments/9jpllf/this_sub_when_yandhi_finally_releases/,14308,207,This sub when Yandhi finally releases.,,
Kanye,https://old.reddit.com/r/Kanye/comments/hlducs/ye_running_for_president/,14277,2255,Ye running for President,,https://i.redd.it/o2blvkeupx851.jpg
Kanye,https://old.reddit.com/r/Kanye/comments/amrt1y/kanye_avoiding_keeping_up_with_the_kardashians/,14219,246,Kanye avoiding Keeping Up With The Kardashians,,
Kanye,https://old.reddit.com/r/Kanye/comments/742gwk/combined_faces_of_top_500_musical_artists_of_all/,14160,169,Combined faces of top 500 musical artists of all time,,https://i.redd.it/8t9m75hvunpz.jpg
Kanye,https://old.reddit.com/r/Kanye/comments/dbxk1b/5_stages_of_jesus_is_king_illustrated_by_rkanye/,14081,135,5 Stages of Jesus Is King (illustrated by r/Kanye),,https://i.redd.it/yn2ujvjt2zp31.png
Kanye,https://old.reddit.com/r/Kanye/comments/9k4x21/kanye_right_now/,14011,97,Kanye right now.,,https://i.redd.it/lt9w9g6aecp11.jpg
Kanye,https://old.reddit.com/r/Kanye/comments/ajkcg9/keeping_my_grandma_locked_in_this_cage_until/,13964,144,Keeping my grandma locked in this cage until Yandhi is dropped,,https://i.imgur.com/V0FNYzr.jpg
Kanye,https://old.reddit.com/r/Kanye/comments/iv9s97/kanye_has_me_fucking_crying_rn_bro/,13957,425,Kanye has me fucking crying rn bro,,https://i.redd.it/fdlp4fsmrxn51.jpg
Kanye,https://old.reddit.com/r/Kanye/comments/sz8tdg/kanye_throwing_mic_incident_donda_2_listening/,13890,769,Kanye throwing mic incident Donda 2 Listening Party 2-22-22,,
Kanye,https://old.reddit.com/r/Kanye/comments/80z7pq/stay_bold_my_king/,13797,249,stay bold my King.,,https://i.redd.it/4905b378i0j01.jpg
Kanye,https://old.reddit.com/r/Kanye/comments/ozick0/i_was_a_participant_on_the_field_last_night/,13762,524,"I was a participant on the field last night. Miraculously, I was able to get my hands on a vest!",,"['https://preview.redd.it/58ecqndbqtf71.jpg?width=108&crop=smart&auto=webp&s=e23f63944425970c26cb626aef9e10638f92521e', 'https://preview.redd.it/e6hzildbqtf71.jpg?width=108&crop=smart&auto=webp&s=626ede3134e78e9996493cbed84e072ded11f886', 'https://preview.redd.it/1zwkdmdbqtf71.jpg?width=108&crop=smart&auto=webp&s=0266bf44fd61c86f04047663f22198bea2bd82a0']"
Kanye,https://old.reddit.com/r/Kanye/comments/7wt6qq/what_if_snapchat_made_an_update_to_snapchat_that/,13741,268,"What if Snapchat made an update to Snapchat, that was really shit Snapchat, man that‚Äôd be SO Snapchat!!!",,https://i.redd.it/2qoe86g8llf01.jpg
Kanye,https://old.reddit.com/r/Kanye/comments/9btzl2/facts/,13314,253,FACTS,,https://i.redd.it/nv1hix1mtfj11.jpg
Kanye,https://old.reddit.com/r/Kanye/comments/9v0w1r/hell_of_a_story/,13249,80,Hell of a Story,,https://i.redd.it/rlhqqv56rxw11.jpg
Kanye,https://old.reddit.com/r/Kanye/comments/1kqqlvt/bro_predicted_kanyes_future/,13242,153,Bro predicted Kanye‚Äôs futureüò≠,,https://i.redd.it/8uhkvmifqt1f1.jpeg
Kanye,https://old.reddit.com/r/Kanye/comments/9k5wpe/updated_yandhi_album_cover/,13238,131,Updated Yandhi album cover.,,
Kanye,https://old.reddit.com/r/Kanye/comments/6x1mlo/m_e_m_e/,13214,126,m e m e,,https://i.imgur.com/JrPvFNP_d.jpg?maxwidth=640&shape=thumb&fidelity=high
Kanye,https://old.reddit.com/r/Kanye/comments/dmfdes/this_iconic_moment_happened_last_time_kanye_was/,13208,197,This iconic moment happened last time Kanye was interviewed by Zane Lowe,,
Kanye,https://old.reddit.com/r/Kanye/comments/8ph2wu/ye_addresing_it_on_twitter/,13193,188,Ye addresing it on Twitter,,https://i.redd.it/8zqj8ecfhp211.jpg
Kanye,https://old.reddit.com/r/Kanye/comments/pdu7p4/donda_hi_res_artwork_4000x4000/,13155,233,DONDA Hi Res Artwork [4000X4000],,https://i.redd.it/33apzoxdhak71.png
Kanye,https://old.reddit.com/r/Kanye/comments/aeyfl4/my_favorite_speech_of_all_time/,13119,288,My favorite speech of all time.,,
Kanye,https://old.reddit.com/r/Kanye/comments/t7ofwc/robert_the_no/,13060,352,Robert the üêênoüß¢,,https://i.redd.it/zwcptzgk7ol81.jpg
Kanye,https://old.reddit.com/r/Kanye/comments/b7bjdl/my_son_wanted_to_be_kanye_for_rockstar_day_i_tried/,13048,398,My son wanted to be Kanye for rockstar day. I tried.,,https://i.redd.it/8qhgtzyzh9p21.jpg
Kanye,https://old.reddit.com/r/Kanye/comments/dopxqd/kanye_and_sunday_service_choir_performing_jesus/,13044,445,üåä Kanye and Sunday Service Choir performing Jesus Walks on Airpool Karaoke üåä,,
Kanye,https://old.reddit.com/r/Kanye/comments/84ijrz/easily_my_favorite_kanye_tweet/,13043,104,Easily my favorite kanye tweet,,https://i.redd.it/74lirquirtl01.png
Kanye,https://old.reddit.com/r/Kanye/comments/dv88vi/kanye_designing_jik_merchandise/,13034,111,Kanye designing JIK merchandise,,https://i.redd.it/13xgcfjyg8y31.jpg
Kanye,https://old.reddit.com/r/Kanye/comments/pduu1s/every_solo_kanye_album_in_the_style_of_donda/,12993,103,Every Solo Kanye Album In The Style Of Donda,,https://i.redd.it/h7yvap2apak71.png
Kanye,https://old.reddit.com/r/Kanye/comments/hwe7dy/lmaoo/,12896,92,Lmaoo,,https://i.redd.it/tw6vh0c5hlc51.jpg
